{"cameraMode":{"drawMode":0,"name":"Shaded","section":"Shading Mode"},"sceneLighting":false,"audioPlay":false,"sceneViewState":{"showFog":false,"showMaterialUpdate":false,"showSkybox":false,"showFlares":false,"showImageEffects":false,"showParticleSystems":false},"in2DMode":false,"pivot":{"x":-112.01853942871094,"y":14.884748458862305,"z":-9.360984802246094},"rotation":{"x":0.08905699849128723,"y":-0.2928113341331482,"z":0.02740238979458809,"w":0.9516194462776184},"size":121.72610473632813,"orthographic":false}